time,temperature,kinetic_energy
0,300,1789.21
1,300.135,1790.01
2,300.504,1792.21
3,301.033,1795.37
4,301.701,1799.35
5,302.55,1804.42
6,303.561,1810.44
7,304.661,1817.01
8,305.996,1824.97
9,307.494,1833.91
10,309.006,1842.92
11,310.834,1853.82
12,312.828,1865.71
13,314.73,1877.06
14,317.059,1890.95
15,319.557,1905.85
16,321.83,1919.4
17,324.667,1936.32
18,327.674,1954.26
19,330.295,1969.89
20,333.643,1989.86
21,337.162,2010.84
22,340.1,2028.36
23,343.954,2051.35
24,347.975,2075.33
25,351.19,2094.51
26,355.532,2120.4
27,360.032,2147.24
28,363.47,2167.74
29,368.262,2196.33
30,373.196,2225.75
31,376.783,2247.14
32,381.968,2278.07
33,387.271,2309.7
34,390.916,2331.43
35,396.416,2364.23
36,402.006,2397.58
37,405.611,2419.08
38,411.34,2453.24
39,417.131,2487.78
40,420.605,2508.5
41,426.479,2543.53
42,432.39,2578.79
43,435.649,2598.22
44,441.587,2633.64
45,447.534,2669.11
46,450.494,2686.76
47,456.406,2722.02
48,462.294,2757.14
49,464.867,2772.48
50,470.658,2807.02
51,476.399,2841.26
52,478.524,2853.93
53,484.14,2887.42
54,489.711,2920.65
55,491.419,2930.84
56,496.921,2963.65
57,502.433,2996.53
58,503.895,3005.25
59,509.485,3038.59
60,515.171,3072.49
61,516.633,3081.21
62,522.553,3116.52
63,528.627,3152.75
64,530.241,3162.37
65,536.596,3200.27
66,543.091,3239.01
67,544.797,3249.18
68,551.483,3289.06
69,558.251,3329.42
70,559.864,3339.04
71,566.711,3379.88
72,573.598,3420.96
73,574.989,3429.25
74,581.892,3470.42
75,588.806,3511.66
76,589.885,3518.09
77,596.745,3559.01
78,603.582,3599.78
79,604.254,3603.79
80,610.964,3643.81
81,617.61,3683.44
82,617.762,3684.35
83,624.174,3722.59
84,630.463,3760.1
85,629.958,3757.09
86,635.95,3792.82
87,641.84,3827.95
88,640.785,3821.66
89,646.574,3856.19
90,652.424,3891.07
91,651.292,3884.33
92,657.382,3920.65
93,663.654,3958.05
94,662.769,3952.77
95,669.301,3991.73
96,675.903,4031.11
97,674.922,4025.25
98,681.387,4063.81
99,687.697,4101.45
100,685.991,4091.27
101,691.804,4125.94
102,697.355,4159.04
103,694.649,4142.91
104,699.642,4172.68
105,704.406,4201.1
106,700.852,4179.9
107,705.245,4206.1
108,709.566,4231.87
109,705.671,4208.65
110,710.068,4234.87
111,714.661,4262.26
112,711.204,4241.64
113,716.387,4272.55
114,721.953,4305.75
115,719.403,4290.54
116,725.621,4327.62
117,732.072,4366.1
118,729.934,4353.35
119,736.431,4392.1
120,742.798,4430.07
121,740.035,4413.59
122,745.865,4448.36
123,751.409,4481.42
124,747.606,4458.75
125,752.589,4488.46
126,757.358,4516.9
127,752.751,4489.43
128,757.096,4515.34
129,761.237,4540.04
130,755.908,4508.26
131,759.578,4530.14
132,763.055,4550.88
133,757.112,4515.44
134,760.351,4534.76
135,763.599,4554.13
136,757.633,4518.55
137,761.051,4538.93
138,764.62,4560.22
139,759.026,4526.86
140,762.854,4549.68
141,766.791,4573.17
142,761.435,4541.22
143,765.429,4565.04
144,769.396,4588.7
145,763.873,4555.76
146,767.613,4578.07
147,771.208,4599.51
148,765.199,4563.67
149,768.444,4583.02
150,771.546,4601.52
151,765.081,4562.96
152,767.935,4579.99
153,770.71,4596.54
154,763.99,4556.46
155,766.599,4572.02
156,769.131,4587.12
157,762.184,4545.69
158,764.508,4559.55
159,766.739,4572.86
160,759.553,4530
161,761.639,4542.44
162,763.725,4554.88
163,756.58,4512.26
164,758.774,4525.35
165,761.068,4539.03
166,754.222,4498.2
167,756.64,4512.63
168,759.082,4527.19
169,752.325,4486.89
170,754.705,4501.08
171,757.053,4515.09
172,750.236,4474.43
173,752.552,4488.24
174,754.916,4502.34
175,748.259,4462.64
176,750.809,4477.85
177,753.514,4493.98
178,747.312,4456.99
179,750.358,4475.16
180,753.599,4494.48
181,747.934,4460.7
182,751.501,4481.97
183,755.21,4504.09
184,749.883,4472.33
185,753.689,4495.02
186,757.458,4517.5
187,751.937,4484.58
188,755.366,4505.03
189,758.547,4524
190,752.263,4486.52
191,754.874,4502.09
192,757.286,4516.47
193,750.447,4475.69
194,752.767,4489.52
195,755.238,4504.26
196,748.818,4465.97
197,751.738,4483.39
198,754.877,4502.11
199,749.041,4467.3
200,752.341,4486.98
201,755.594,4506.39
202,749.592,4470.59
203,752.529,4488.1
204,755.323,4504.77
205,748.923,4466.6
206,751.65,4482.87
207,754.529,4500.03
208,748.536,4464.29
209,751.892,4484.31
210,755.492,4505.78
211,750.118,4473.73
212,753.902,4496.29
213,757.639,4518.58
214,752.072,4485.38
215,755.478,4505.69
216,758.705,4524.94
217,752.571,4488.36
218,755.449,4505.52
219,758.192,4521.88
220,751.624,4482.71
221,754.058,4497.23
222,756.332,4510.79
223,749.298,4468.84
224,751.195,4480.15
225,752.927,4490.48
226,745.459,4445.94
227,746.928,4454.7
228,748.347,4463.16
229,740.813,4418.23
230,742.309,4427.15
231,743.967,4437.04
232,736.98,4395.37
233,739.153,4408.33
234,741.656,4423.26
235,735.624,4387.28
236,738.66,4405.39
237,741.846,4424.39
238,736.22,4390.84
239,739.374,4409.65
240,742.425,4427.84
241,736.483,4392.41
242,739.247,4408.89
243,741.892,4424.67
244,735.579,4387.02
245,737.993,4401.41
246,740.329,4415.35
247,733.799,4376.4
248,736.053,4389.84
249,738.369,4403.65
250,732.049,4365.96
251,734.711,4381.84
252,737.688,4399.59
253,732.261,4367.22
254,735.972,4389.36
255,740.059,4413.73
256,735.622,4387.27
257,740.196,4414.55
258,744.864,4442.39
259,740.574,4416.8
260,745.053,4443.52
261,749.332,4469.04
262,744.345,4439.3
263,748.061,4461.46
264,751.489,4481.9
265,745.577,4446.65
266,748.407,4463.52
267,750.984,4478.89
268,744.307,4439.07
269,746.442,4451.8
270,748.419,4463.6
271,741.303,4421.15
272,743.061,4431.64
273,744.81,4442.07
274,737.732,4399.86
275,739.701,4411.6
276,741.938,4424.94
277,735.673,4387.58
278,738.628,4405.2
279,741.981,4425.2
280,736.813,4394.37
281,740.726,4417.71
282,744.776,4441.86
283,739.928,4412.95
284,743.93,4436.82
285,747.879,4460.37
286,742.819,4430.2
287,746.75,4453.64
288,750.795,4477.77
289,745.961,4448.93
290,750.336,4475.03
291,754.914,4502.33
292,750.528,4476.17
293,755.362,4505
294,760.258,4534.2
295,755.902,4508.22
296,760.677,4536.7
297,765.324,4564.42
298,760.458,4535.39
299,764.701,4560.7
300,768.755,4584.87
301,763.239,4551.98
302,766.961,4574.18
303,770.595,4595.85
304,764.738,4560.92
305,768.25,4581.87
306,771.741,4602.68
307,765.756,4566.99
308,769.181,4587.42
309,772.608,4607.86
310,766.583,4571.93
311,770.042,4592.55
312,773.555,4613.51
313,767.617,4578.09
314,771.141,4599.11
315,774.608,4619.79
316,768.437,4582.98
317,771.567,4601.65
318,774.497,4619.12
319,767.743,4578.84
320,770.341,4594.34
321,772.904,4609.62
322,766.054,4568.77
323,768.778,4585.01
324,771.683,4602.34
325,765.326,4564.42
326,768.542,4583.61
327,771.85,4603.34
328,765.705,4566.69
329,768.896,4585.72
330,771.913,4603.71
331,765.234,4563.88
332,767.697,4578.57
333,769.878,4591.58
334,762.412,4547.05
335,764.159,4557.47
336,765.856,4567.59
337,758.316,4522.62
338,760.287,4534.38
339,762.593,4548.13
340,756.052,4509.12
341,759.21,4527.95
342,762.839,4549.6
343,757.613,4518.42
344,761.989,4544.52
345,766.606,4572.06
346,761.954,4544.32
347,766.587,4571.95
348,771.053,4598.58
349,765.814,4567.34
350,769.716,4590.61
351,773.383,4612.48
352,767.405,4576.83
353,770.838,4597.3
354,774.328,4618.12
355,768.431,4582.95
356,772.156,4605.16
357,776.012,4628.16
358,770.409,4594.74
359,774.368,4618.35
360,778.36,4642.16
361,772.79,4608.94
362,776.833,4633.06
363,780.949,4657.6
364,775.484,4625.01
365,779.679,4650.03
366,783.895,4675.17
367,778.394,4642.37
368,782.541,4667.1
369,786.664,4691.69
370,780.998,4657.9
371,785.023,4681.9
372,788.997,4705.6
373,783.072,4670.26
374,786.777,4692.36
375,790.299,4713.37
376,783.779,4674.48
377,786.841,4692.74
378,789.731,4709.98
379,782.693,4668
380,785.354,4683.87
381,787.938,4699.28
382,780.628,4655.69
383,782.876,4669.1
384,784.909,4681.22
385,777.044,4634.31
386,778.733,4644.39
387,780.414,4654.41
388,772.591,4607.76
389,774.57,4619.56
390,776.858,4633.2
391,769.973,4592.14
392,773.046,4610.47
393,776.61,4631.72
394,771.121,4598.99
395,775.647,4625.98
396,780.587,4655.44
397,776.132,4628.88
398,781.354,4660.02
399,786.446,4690.39
400,781.488,4660.82
401,785.908,4687.18
402,789.994,4711.55
403,783.965,4675.59
404,787.485,4696.59
405,790.783,4716.25
406,784.004,4675.82
407,786.755,4692.23
408,789.228,4706.98
409,781.655,4661.81
410,783.666,4673.8
411,785.602,4685.35
412,777.852,4639.13
413,779.914,4651.43
414,782.165,4664.86
415,774.977,4621.98
416,777.631,4637.82
417,780.5,4654.93
418,773.946,4615.84
419,777.198,4635.23
420,780.685,4656.03
421,774.784,4620.84
422,778.743,4644.45
423,782.933,4669.44
424,777.592,4637.58
425,781.961,4663.64
426,786.278,4689.38
427,780.673,4655.96
428,784.54,4679.02
429,788.118,4700.36
430,781.62,4661.6
431,784.625,4679.53
432,787.488,4696.6
433,780.581,4655.41
434,783.564,4673.2
435,786.852,4692.81
436,780.768,4656.52
437,784.811,4680.64
438,789.201,4706.82
439,784.011,4675.87
440,788.721,4703.95
441,793.447,4732.14
442,788.2,4700.85
443,792.695,4727.66
444,797.049,4753.62
445,791.289,4719.27
446,795.34,4743.43
447,799.3,4767.05
448,793.175,4730.52
449,796.951,4753.04
450,800.625,4774.95
451,794.092,4735.99
452,797.29,4755.06
453,800.113,4771.9
454,792.446,4726.17
455,794.212,4736.7
456,795.406,4743.83
457,786.161,4688.69
458,786.335,4689.72
459,786.179,4688.8
460,776.147,4628.97
461,775.799,4626.89
462,775.622,4625.83
463,766.289,4570.17
464,766.93,4573.99
465,768.214,4581.65
466,760.896,4538.01
467,763.786,4555.24
468,767.597,4577.97
469,762.917,4550.06
470,768.373,4582.6
471,774.429,4618.72
472,771.288,4599.98
473,777.73,4638.41
474,784.038,4676.03
475,780.308,4653.78
476,785.868,4686.94
477,791.008,4717.6
478,785.886,4687.05
479,790.219,4712.89
480,794.236,4736.85
481,788.056,4699.99
482,791.474,4720.37
483,794.617,4739.12
484,787.566,4697.07
485,790.106,4712.22
486,792.377,4725.76
487,784.554,4679.11
488,786.366,4689.91
489,788.046,4699.93
490,779.892,4651.3
491,781.461,4660.66
492,783.067,4670.24
493,775.076,4622.58
494,776.796,4632.83
495,778.573,4643.43
496,770.791,4597.02
497,772.526,4607.37
498,774.186,4617.27
499,766.26,4570
500,767.702,4578.6
501,769.104,4586.96
502,761.162,4539.59
503,762.718,4548.87
504,764.513,4559.58
505,757.312,4516.63
506,759.709,4530.93
507,762.428,4547.14
508,756.17,4509.82
509,759.401,4529.09
510,762.868,4549.77
511,757.273,4516.4
512,761.154,4539.54
513,765.283,4564.17
514,760.325,4534.6
515,764.901,4561.89
516,769.651,4590.22
517,765.03,4562.66
518,769.728,4590.68
519,774.229,4617.53
520,768.919,4585.85
521,772.756,4608.74
522,776.29,4629.81
523,770.037,4592.53
524,773.152,4611.1
525,776.212,4629.35
526,769.734,4590.72
527,772.791,4608.95
528,775.86,4627.25
529,769.351,4588.43
530,772.241,4605.67
531,774.972,4621.96
532,767.989,4580.31
533,770.263,4593.87
534,772.313,4606.1
535,764.699,4560.68
536,766.33,4570.42
537,767.851,4579.49
538,760.003,4532.68
539,761.613,4542.28
540,763.508,4553.59
541,756.552,4512.1
542,759.385,4528.99
543,762.805,4549.39
544,757.5,4517.75
545,761.919,4544.11
546,766.695,4572.59
547,762.313,4546.46
548,767.363,4576.58
549,772.427,4606.78
550,767.953,4580.09
551,772.851,4609.31
552,777.661,4637.99
553,772.757,4608.74
554,777.238,4635.47
555,781.501,4660.9
556,775.822,4627.03
557,779.44,4648.61
558,782.721,4668.17
559,776.003,4628.1
560,778.646,4643.87
561,781.086,4658.42
562,773.776,4614.82
563,776.053,4628.4
564,778.429,4642.58
565,771.431,4600.84
566,774.292,4617.9
567,777.551,4637.34
568,771.681,4602.33
569,775.813,4626.97
570,780.386,4654.25
571,775.678,4626.17
572,780.842,4656.97
573,786.161,4688.69
574,781.744,4662.34
575,786.98,4693.57
576,792.064,4723.89
577,787.035,4693.9
578,791.543,4720.79
579,795.687,4745.5
580,789.468,4708.41
581,792.709,4727.74
582,795.531,4744.57
583,788.081,4700.14
584,790.289,4713.31
585,792.4,4725.9
586,784.679,4679.85
587,786.884,4693
588,789.214,4706.89
589,781.829,4662.85
590,784.216,4677.09
591,786.535,4690.92
592,778.993,4645.94
593,781.042,4658.16
594,783.02,4669.95
595,775.33,4624.09
596,777.361,4636.2
597,779.547,4649.24
598,772.332,4606.21
599,774.911,4621.59
600,777.693,4638.18
601,771.019,4598.38
602,773.859,4615.32
603,776.506,4631.1
604,769.26,4587.89
605,771.095,4598.84
606,772.533,4607.41
607,764.248,4558
608,765.315,4564.36
609,766.541,4571.67
610,758.788,4525.43
611,760.839,4537.66
612,763.456,4553.27
613,757.332,4516.75
614,760.944,4538.29
615,764.941,4562.13
616,759.882,4531.96
617,764.294,4558.27
618,768.806,4585.18
619,763.915,4556.01
620,768.331,4582.35
621,772.623,4607.94
622,767.259,4575.96
623,771.165,4599.25
624,774.926,4621.68
625,769.058,4586.68
626,772.627,4607.97
627,776.192,4629.23
628,770.219,4593.61
629,773.782,4614.86
630,777.378,4636.31
631,771.445,4600.92
632,775.129,4622.89
633,778.95,4645.68
634,773.347,4612.26
635,777.535,4637.24
636,781.946,4663.55
637,776.85,4633.16
638,781.468,4660.7
639,786.055,4688.05
640,780.737,4656.34
641,784.897,4681.15
642,788.766,4704.23
643,782.515,4666.95
644,785.708,4685.99
645,788.593,4703.19
646,781.389,4660.23
647,783.642,4673.66
648,785.608,4685.39
649,777.588,4637.56
650,779.025,4646.13
651,780.298,4653.72
652,771.888,4603.56
653,773.083,4610.69
654,774.411,4618.61
655,766.462,4571.2
656,768.225,4581.72
657,770.22,4593.62
658,762.961,4550.32
659,765.15,4563.38
660,767.321,4576.33
661,760.075,4533.11
662,762.11,4545.25
663,764.17,4557.53
664,757.04,4515.01
665,759.356,4528.82
666,761.914,4544.08
667,755.486,4505.74
668,758.56,4524.08
669,761.902,4544
670,756.181,4509.89
671,759.781,4531.36
672,763.326,4552.5
673,757.343,4516.82
674,760.215,4533.95
675,762.574,4548.02
676,755.105,4503.47
677,756.317,4510.69
678,757.063,4515.15
679,748.335,4463.09
680,748.526,4464.23
681,748.688,4465.2
682,740.007,4413.43
683,740.53,4416.54
684,741.445,4422
685,734.035,4377.8
686,736.054,4389.85
687,738.815,4406.32
688,733.606,4375.25
689,738.053,4401.77
690,743.389,4433.6
691,740.601,4416.96
692,747.318,4457.03
693,754.437,4499.48
694,752.513,4488.01
695,759.513,4529.76
696,766.065,4568.83
697,762.558,4547.92
698,767.535,4577.6
699,771.583,4601.75
700,765.224,4563.82
701,767.372,4576.63
702,768.705,4584.58
703,759.992,4532.62
704,760.124,4533.4
705,759.965,4532.46
706,750.548,4476.29
707,750.432,4475.6
708,750.648,4476.89
709,742.343,4427.36
710,743.621,4434.98
711,745.549,4446.48
712,739.168,4408.42
713,742.191,4426.45
714,745.558,4446.53
715,740.129,4414.15
716,743.56,4434.62
717,746.817,4454.04
718,740.86,4418.51
719,743.567,4434.66
720,746.077,4449.63
721,739.556,4410.73
722,741.967,4425.11
723,744.513,4440.3
724,738.329,4403.41
725,741.177,4420.4
726,744.103,4437.85
727,738.087,4401.97
728,740.793,4418.11
729,743.285,4432.98
730,736.654,4393.43
731,738.649,4405.32
732,740.48,4416.24
733,733.402,4374.03
734,735.112,4384.23
735,736.924,4395.03
736,730.18,4354.82
737,732.425,4368.2
738,734.972,4383.39
739,729.058,4348.12
740,731.974,4365.52
741,734.876,4382.82
742,728.864,4346.97
743,731.198,4360.89
744,733.132,4372.42
745,726.028,4330.05
746,727.329,4337.81
747,728.598,4345.38
748,721.482,4302.94
749,723.303,4313.8
750,725.646,4327.77
751,720.009,4294.16
752,723.374,4314.23
753,727.13,4336.63
754,722.549,4309.3
755,726.597,4333.44
756,730.625,4357.47
757,725.908,4329.34
758,729.667,4351.76
759,733.297,4373.41
760,728.107,4342.45
761,731.439,4362.32
762,734.607,4381.22
763,728.829,4346.76
764,731.419,4362.2
765,733.621,4375.34
766,726.697,4334.04
767,727.965,4341.6
768,728.807,4346.62
769,720.733,4298.48
770,720.995,4300.04
771,721.215,4301.35
772,713.165,4253.34
773,713.844,4257.39
774,715.004,4264.31
775,708.403,4224.94
776,710.598,4238.03
777,713.192,4253.5
778,707.71,4220.8
779,710.49,4237.38
780,713.118,4253.05
781,707.214,4217.84
782,709.292,4230.24
783,711.174,4241.46
784,704.747,4203.14
785,706.61,4214.24
786,708.718,4226.82
787,703.018,4192.82
788,705.96,4210.37
789,709.441,4231.13
790,705.237,4206.06
791,709.707,4232.72
792,714.579,4261.77
793,711.383,4242.71
794,716.602,4273.84
795,721.8,4304.84
796,718.365,4284.35
797,723.125,4312.74
798,727.597,4339.41
799,723.177,4313.05
800,727.01,4335.91
801,730.576,4357.18
802,725.263,4325.49
803,728.342,4343.85
804,731.249,4361.19
805,725.375,4326.16
806,728.018,4341.92
807,730.605,4357.35
808,724.534,4321.14
809,727.05,4336.15
810,729.57,4351.18
811,723.494,4314.94
812,726.023,4330.02
813,728.619,4345.5
814,722.733,4310.4
815,725.567,4327.3
816,728.604,4345.41
817,723.251,4313.49
818,726.63,4333.64
819,730.105,4354.37
820,724.94,4323.56
821,728.258,4343.35
822,731.404,4362.12
823,725.708,4328.14
824,728.471,4344.62
825,731.155,4360.63
826,725.184,4325.02
827,727.842,4340.87
828,730.492,4356.68
829,724.42,4320.46
830,726.744,4334.32
831,728.795,4346.56
832,721.962,4305.8
833,723.427,4314.54
834,724.738,4322.36
835,717.528,4279.36
836,718.91,4287.6
837,720.534,4297.29
838,714.06,4258.68
839,716.338,4272.26
840,718.978,4288.01
841,713.542,4255.59
842,716.744,4274.68
843,720.149,4294.99
844,715.245,4265.74
845,718.779,4286.82
846,722.296,4307.79
847,717.274,4277.84
848,720.605,4297.71
849,723.864,4317.14
850,718.568,4285.56
851,721.725,4304.39
852,724.911,4323.39
853,719.627,4291.88
854,722.897,4311.38
855,726.227,4331.24
856,721.021,4300.19
857,724.281,4319.63
858,727.418,4338.34
859,721.778,4304.71
860,724.412,4320.41
861,726.766,4334.45
862,720.315,4295.98
863,722.202,4307.23
864,724.031,4318.14
865,717.459,4278.94
866,719.598,4291.7
867,722.131,4306.81
868,716.671,4274.25
869,720.109,4294.75
870,723.929,4317.53
871,719.464,4290.9
872,723.536,4315.19
873,727.535,4339.04
874,722.766,4310.6
875,726.288,4331.6
876,729.527,4350.92
877,723.858,4317.11
878,726.498,4332.85
879,728.927,4347.34
880,722.632,4309.8
881,724.88,4323.2
882,727.244,4337.31
883,721.295,4301.83
884,724.24,4319.39
885,727.612,4339.5
886,722.796,4310.78
887,726.809,4334.71
888,730.945,4359.38
889,726.366,4332.07
890,730.181,4354.82
891,733.665,4375.6
892,728.044,4342.07
893,730.649,4357.62
894,732.838,4370.67
895,725.99,4329.83
896,727.492,4338.78
897,728.813,4346.66
898,721.48,4302.93
899,722.722,4310.34
900,724.057,4318.3
901,717.027,4276.37
902,718.577,4285.62
903,720.226,4295.45
904,713.511,4255.4
905,715.178,4265.34
906,716.781,4274.91
907,709.902,4233.88
908,711.122,4241.15
909,712.063,4246.77
910,704.444,4201.32
911,704.72,4202.97
912,704.725,4203
913,696.465,4153.74
914,696.209,4152.21
915,696.029,4151.14
916,688.138,4104.08
917,688.439,4105.87
918,689.107,4109.85
919,682.374,4069.7
920,683.769,4078.02
921,685.489,4088.28
922,679.743,4054.01
923,681.887,4066.79
924,684.179,4080.46
925,678.893,4048.94
926,681.409,4063.95
927,684.107,4080.03
928,679.35,4051.67
929,682.613,4071.12
930,686.33,4093.29
931,682.827,4072.4
932,687.658,4101.21
933,693.126,4133.82
934,691.272,4122.77
935,697.791,4161.65
936,704.67,4202.68
937,703.558,4196.04
938,710.528,4237.61
939,717.291,4277.95
940,715.282,4265.96
941,721.144,4300.93
942,726.444,4332.53
943,722.548,4309.3
944,726.518,4332.97
945,729.801,4352.56
946,723.766,4316.56
947,725.607,4327.54
948,726.763,4334.43
949,718.749,4286.64
950,718.689,4286.28
951,718.197,4283.35
952,709.074,4228.94
953,708.149,4223.42
954,707.239,4217.99
955,698.329,4164.86
956,697.734,4161.3
957,697.386,4159.23
958,689.367,4111.41
959,689.54,4112.44
960,689.994,4115.14
961,682.933,4073.03
962,683.935,4079.01
963,685.222,4086.69
964,679.066,4049.97
965,680.844,4060.57
966,682.837,4072.46
967,677.323,4039.57
968,679.549,4052.85
969,681.798,4066.26
970,676.331,4033.66
971,678.352,4045.71
972,680.197,4056.71
973,674.239,4021.18
974,675.707,4029.94
975,677.066,4038.04
976,670.83,4000.85
977,672.135,4008.64
978,673.53,4016.95
979,667.596,3981.56
980,669.334,3991.93
981,671.361,4004.02
982,666.286,3973.75
983,669,3989.94
984,672.084,4008.33
985,668.004,3983.99
986,671.552,4005.15
987,675.141,4026.56
988,671.06,4002.22
989,674.177,4020.81
990,676.872,4036.89
991,671.532,4005.04
992,673.254,4015.31
993,674.608,4023.38
994,668.239,3985.4
995,669.285,3991.64
996,670.433,3998.48
997,664.378,3962.37
998,665.986,3971.96
999,667.872,3983.21
1000,662.618,3951.87
1001,664.88,3965.37
1002,667.255,3979.53
1003,662.322,3950.11
1004,664.738,3964.52
1005,667.138,3978.83
1006,662.121,3948.91
1007,664.336,3962.12
1008,666.419,3974.54
1009,661.003,3942.24
1010,662.754,3952.69
1011,664.409,3962.55
1012,658.741,3928.75
1013,660.419,3938.76
1014,662.273,3949.82
1015,657.126,3919.12
1016,659.539,3933.51
1017,662.326,3950.13
1018,658.235,3925.73
1019,661.775,3946.84
1020,665.681,3970.14
1021,662.539,3951.4
1022,666.921,3977.54
1023,671.403,4004.27
1024,668.39,3986.3
1025,672.667,4011.8
1026,676.728,4036.03
1027,672.959,4013.55
1028,676.449,4034.36
1029,679.683,4053.65
1030,675.059,4026.07
1031,677.797,4042.4
1032,680.329,4057.51
1033,675.048,4026
1034,677.193,4038.8
1035,679.206,4050.8
1036,673.515,4016.87
1037,675.307,4027.55
1038,677.013,4037.72
1039,671.054,4002.19
1040,672.457,4010.55
1041,673.645,4017.64
1042,667.094,3978.57
1043,667.71,3982.24
1044,668.061,3984.33
1045,660.848,3941.32
1046,660.866,3941.42
1047,660.917,3941.73
1048,653.942,3900.13
1049,654.516,3903.56
1050,655.607,3910.06
1051,650.216,3877.91
1052,652.639,3892.36
1053,655.786,3911.13
1054,652.433,3891.13
1055,656.693,3916.54
1056,661.261,3943.78
1057,658.648,3928.2
1058,663.149,3955.04
1059,667.386,3980.31
1060,663.89,3959.46
1061,667.385,3980.3
1062,670.6,3999.48
1063,666.208,3973.28
1064,669.174,3990.98
1065,672.189,4008.95
1066,667.808,3982.83
1067,670.901,4001.28
1068,673.95,4019.46
1069,669.34,3991.96
1070,671.942,4007.48
1071,674.214,4021.03
1072,668.621,3987.67
1073,670.131,3996.68
1074,671.314,4003.74
1075,664.802,3964.9
1076,665.525,3969.21
1077,666.205,3973.27
1078,659.654,3934.2
1079,660.626,3939.99
1080,661.908,3947.64
1081,656.274,3914.04
1082,658.165,3925.32
1083,660.296,3938.03
1084,655.35,3908.53
1085,657.644,3922.21
1086,659.885,3935.57
1087,654.758,3905
1088,656.574,3915.83
1089,658.085,3924.84
1090,652.081,3889.03
1091,652.868,3893.72
1092,653.329,3896.48
1093,646.453,3855.47
1094,646.423,3855.29
1095,646.293,3854.51
1096,639.244,3812.47
1097,639.206,3812.25
1098,639.39,3813.34
1099,633.111,3775.89
1100,634.019,3781.31
1101,635.43,3789.73
1102,630.676,3761.37
1103,633.201,3776.43
1104,636.302,3794.93
1105,633.163,3776.21
1106,637.169,3800.09
1107,641.463,3825.7
1108,638.999,3811.01
1109,643.284,3836.57
1110,647.293,3860.47
1111,643.864,3840.02
1112,646.787,3857.46
1113,649.056,3870.99
1114,643.683,3838.95
1115,644.713,3845.09
1116,645.319,3848.7
1117,638.757,3809.57
1118,638.976,3810.87
1119,639.221,3812.33
1120,632.788,3773.97
1121,633.26,3776.78
1122,633.881,3780.49
1123,627.959,3745.17
1124,628.826,3750.34
1125,629.836,3756.36
1126,624.417,3724.04
1127,625.819,3732.4
1128,627.551,3742.74
1129,623.139,3716.42
1130,625.767,3732.09
1131,628.94,3751.02
1132,626.027,3733.64
1133,630.141,3758.18
1134,634.592,3784.73
1135,632.499,3772.24
1136,637.137,3799.91
1137,641.672,3826.95
1138,639.095,3811.58
1139,643.006,3834.91
1140,646.494,3855.71
1141,642.564,3832.27
1142,645.109,3847.45
1143,647.267,3860.32
1144,642.177,3829.96
1145,643.848,3839.93
1146,645.466,3849.58
1147,640.199,3818.17
1148,641.915,3828.4
1149,643.729,3839.22
1150,638.719,3809.34
1151,640.573,3820.4
1152,642.357,3831.04
1153,637.135,3799.89
1154,638.537,3808.25
1155,639.694,3815.15
1156,633.792,3779.95
1157,634.416,3783.68
1158,634.827,3786.13
1159,628.379,3747.67
1160,628.508,3748.44
1161,628.612,3749.06
1162,622.194,3710.78
1163,622.442,3712.26
1164,622.867,3714.8
1165,617.054,3680.13
1166,617.928,3685.34
1167,619.064,3692.12
1168,614.061,3662.28
1169,615.657,3671.79
1170,617.464,3682.57
1171,613.095,3656.52
1172,615.239,3669.31
1173,617.554,3683.11
1174,613.655,3659.86
1175,616.238,3675.26
1176,618.932,3691.33
1177,615.281,3669.55
1178,617.996,3685.74
1179,620.628,3701.45
1180,616.661,3677.78
1181,618.849,3690.83
1182,620.722,3702
1183,615.805,3672.68
1184,616.911,3679.28
1185,617.661,3683.75
1186,611.75,3648.49
1187,611.942,3649.64
1188,611.99,3649.93
1189,605.742,3612.66
1190,605.729,3612.59
1191,605.804,3613.03
1192,599.909,3577.88
1193,600.306,3580.24
1194,600.939,3584.02
1195,595.8,3553.37
1196,596.9,3559.93
1197,598.19,3567.63
1198,593.61,3540.31
1199,594.982,3548.49
1200,596.258,3556.1
1201,591.427,3527.29
1202,592.295,3532.47
1203,592.968,3536.48
1204,587.639,3504.7
1205,588.108,3507.49
1206,588.648,3510.71
1207,583.588,3480.54
1208,584.552,3486.29
1209,585.838,3493.96
1210,581.727,3469.44
1211,583.63,3480.79
1212,585.788,3493.66
1213,582.388,3473.38
1214,584.786,3487.68
1215,587.187,3502
1216,583.743,3481.46
1217,585.881,3494.21
1218,587.818,3505.77
1219,583.759,3481.55
1220,585.233,3490.35
1221,586.546,3498.18
1222,582.036,3471.28
1223,583.258,3478.57
1224,584.594,3486.53
1225,580.411,3461.59
1226,582.143,3471.92
1227,584.129,3483.76
1228,580.658,3463.06
1229,583.071,3477.45
1230,585.643,3492.79
1231,582.565,3474.44
1232,585.207,3490.19
1233,587.805,3505.69
1234,584.553,3486.29
1235,586.992,3500.84
1236,589.424,3515.34
1237,586.104,3495.54
1238,588.68,3510.91
1239,591.407,3527.17
1240,588.428,3509.41
1241,591.39,3527.07
1242,594.424,3545.16
1243,591.565,3528.11
1244,594.569,3546.03
1245,597.519,3563.62
1246,594.403,3545.04
1247,597.103,3561.14
1248,599.63,3576.21
1249,595.919,3554.08
1250,597.916,3565.99
1251,599.593,3575.99
1252,594.91,3548.06
1253,595.832,3553.56
1254,596.386,3556.87
1255,590.672,3522.78
1256,590.584,3522.26
1257,590.303,3520.58
1258,584.137,3483.81
1259,583.797,3481.78
1260,583.632,3480.8
1261,578.096,3447.78
1262,578.625,3450.94
1263,579.657,3457.09
1264,575.644,3433.16
1265,577.789,3445.95
1266,580.485,3462.03
1267,578.013,3447.29
1268,581.496,3468.06
1269,585.192,3490.1
1270,583.221,3478.34
1271,586.909,3500.34
1272,590.479,3521.63
1273,588.048,3507.14
1274,591.261,3526.3
1275,594.33,3544.6
1276,591.366,3526.92
1277,594.187,3543.75
1278,596.927,3560.09
1279,593.618,3540.36
1280,596.131,3555.34
1281,598.495,3569.44
1282,594.669,3546.62
1283,596.55,3557.84
1284,598.136,3567.3
1285,593.433,3539.25
1286,594.367,3544.82
1287,595.025,3548.75
1288,589.569,3516.21
1289,589.875,3518.03
1290,590.168,3519.78
1291,584.756,3487.5
1292,585.33,3490.92
1293,586.179,3495.99
1294,581.607,3468.72
1295,583.048,3477.32
1296,584.749,3487.46
1297,580.92,3464.62
1298,582.861,3476.2
1299,584.791,3487.71
1300,580.904,3464.53
1301,582.523,3474.19
1302,583.916,3482.49
1303,579.372,3455.39
1304,580.258,3460.67
1305,580.947,3464.79
1306,575.878,3434.55
1307,576.347,3437.35
1308,576.822,3440.19
1309,571.815,3410.32
1310,572.413,3413.89
1311,573.095,3417.96
1312,568.368,3389.76
1313,569.106,3394.16
1314,569.826,3398.46
1315,565.1,3370.28
1316,565.705,3373.88
1317,566.272,3377.26
1318,561.499,3348.8
1319,562.072,3352.21
1320,562.734,3356.16
1321,558.282,3329.61
1322,559.274,3335.52
1323,560.513,3342.91
1324,556.801,3320.77
1325,558.56,3331.27
1326,560.564,3343.22
1327,557.531,3325.13
1328,559.825,3338.81
1329,562.167,3352.78
1330,559.216,3335.18
1331,561.41,3348.27
1332,563.47,3360.55
1333,560.092,3340.41
1334,561.844,3350.85
1335,563.519,3360.84
1336,559.916,3339.35
1337,561.685,3349.91
1338,563.679,3361.8
1339,560.7,3344.03
1340,563.373,3359.98
1341,566.449,3378.32
1342,564.524,3366.84
1343,568.183,3388.66
1344,571.947,3411.11
1345,570.164,3400.48
1346,573.559,3420.72
1347,576.534,3438.47
1348,573.422,3419.9
1349,575.254,3430.83
1350,576.536,3438.48
1351,571.831,3410.42
1352,572.343,3413.47
1353,572.727,3415.76
1354,567.675,3385.63
1355,568.195,3388.73
1356,568.915,3393.03
1357,564.479,3366.57
1358,565.638,3373.48
1359,567.013,3381.68
1360,563.218,3359.05
1361,564.885,3368.99
1362,566.62,3379.34
1363,562.998,3357.74
1364,564.619,3367.41
1365,566.101,3376.24
1366,562.075,3352.23
1367,563.183,3358.84
1368,564.148,3364.59
1369,559.749,3338.36
1370,560.643,3343.69
1371,561.667,3349.8
1372,557.671,3325.97
1373,559.173,3334.93
1374,560.951,3345.53
1375,557.709,3326.19
1376,559.793,3338.62
1377,561.873,3351.03
1378,558.583,3331.41
1379,560.317,3341.75
1380,561.794,3350.56
1381,557.747,3326.42
1382,558.658,3331.85
1383,559.341,3335.93
1384,554.657,3307.99
1385,555.03,3310.21
1386,555.347,3312.11
1387,550.552,3283.51
1388,550.884,3285.49
1389,551.275,3287.82
1390,546.701,3260.54
1391,547.189,3263.45
1392,547.704,3266.52
1393,543.257,3240
1394,543.72,3242.76
1395,544.141,3245.28
1396,539.641,3218.44
1397,540.007,3220.62
1398,540.422,3223.09
1399,536.133,3197.51
1400,536.808,3201.54
1401,537.705,3206.89
1402,534.09,3185.33
1403,535.493,3193.69
1404,537.182,3203.77
1405,534.399,3187.17
1406,536.641,3200.54
1407,539.153,3215.53
1408,537.09,3203.22
1409,539.971,3220.4
1410,542.925,3238.02
1411,540.961,3226.31
1412,543.717,3242.74
1413,546.252,3257.87
1414,543.563,3241.83
1415,545.489,3253.31
1416,547.112,3262.99
1417,543.503,3241.47
1418,544.589,3247.95
1419,545.497,3253.36
1420,541.375,3228.78
1421,542.114,3233.19
1422,542.901,3237.88
1423,538.948,3214.3
1424,540.035,3220.78
1425,541.364,3228.71
1426,538.114,3209.33
1427,539.943,3220.24
1428,542.017,3232.61
1429,539.454,3217.32
1430,541.933,3232.1
1431,544.61,3248.07
1432,542.556,3235.82
1433,545.552,3253.69
1434,548.671,3272.29
1435,546.85,3261.43
1436,549.993,3280.18
1437,553.048,3298.39
1438,550.84,3285.22
1439,553.434,3300.69
1440,555.715,3314.3
1441,552.536,3295.34
1442,554.18,3305.15
1443,555.63,3313.79
1444,551.849,3291.25
1445,553.107,3298.75
1446,554.268,3305.67
1447,550.156,3281.15
1448,550.859,3285.34
1449,551.272,3287.8
1450,546.39,3258.68
1451,546.319,3258.26
1452,546.141,3257.2
1453,541.017,3226.64
1454,540.848,3225.64
1455,540.786,3225.26
1456,536.056,3197.06
1457,536.315,3198.6
1458,536.802,3201.5
1459,532.808,3177.68
1460,533.828,3183.77
1461,535.153,3191.67
1462,532.055,3173.19
1463,533.909,3184.25
1464,535.968,3196.53
1465,533.424,3181.36
1466,535.663,3194.71
1467,537.91,3208.11
1468,535.336,3192.76
1469,537.434,3205.27
1470,539.436,3217.21
1471,536.54,3199.94
1472,538.358,3210.79
1473,540.154,3221.49
1474,537.159,3203.63
1475,539.043,3214.87
1476,541.062,3226.91
1477,538.414,3211.12
1478,540.776,3225.21
1479,543.335,3240.47
1480,541.172,3227.56
1481,543.988,3244.36
1482,546.849,3261.43
1483,544.703,3248.63
1484,547.353,3264.43
1485,549.778,3278.89
1486,546.889,3261.66
1487,548.637,3272.09
1488,550.006,3280.25
1489,545.988,3256.29
1490,546.615,3260.03
1491,546.963,3262.1
1492,542.176,3233.55
1493,542.221,3233.82
1494,542.278,3234.16
1495,537.59,3206.2
1496,537.9,3208.05
1497,538.418,3211.14
1498,534.375,3187.03
1499,535.285,3192.46
1500,536.359,3198.86
1501,532.816,3177.73
1502,534.072,3185.22
1503,535.381,3193.03
1504,532.003,3172.88
1505,533.351,3180.92
1506,534.728,3189.13
1507,531.432,3169.48
1508,532.859,3177.99
1509,534.315,3186.67
1510,531.08,3167.37
1511,532.491,3175.79
1512,533.819,3183.71
1513,530.313,3162.8
1514,531.263,3168.47
1515,531.948,3172.56
1516,527.686,3147.13
1517,527.729,3147.39
1518,527.468,3145.84
1519,522.398,3115.6
1520,521.671,3111.26
1521,520.851,3106.37
1522,515.636,3075.27
1523,514.949,3071.17
1524,514.492,3068.45
1525,510.045,3041.92
1526,510.203,3042.87
1527,510.686,3045.75
1528,507.232,3025.14
1529,508.208,3030.97
1530,509.36,3037.84
1531,506.444,3020.45
1532,507.814,3028.62
1533,509.28,3037.36
1534,506.642,3021.63
1535,508.288,3031.45
1536,510.058,3042
1537,507.76,3028.29
1538,509.838,3040.69
1539,512.12,3054.3
1540,510.336,3043.66
1541,512.938,3059.18
1542,515.592,3075.01
1543,513.837,3064.54
1544,516.194,3078.6
1545,518.254,3090.89
1546,515.578,3074.92
1547,516.883,3082.7
1548,517.823,3088.31
1549,514.073,3065.94
1550,514.391,3067.84
1551,514.496,3068.47
1552,510.164,3042.63
1553,510.031,3041.84
1554,509.891,3041
1555,505.606,3015.45
1556,505.617,3015.52
1557,505.79,3016.55
1558,502.044,2994.21
1559,502.64,2997.76
1560,503.501,3002.9
1561,500.565,2985.38
1562,501.976,2993.8
1563,503.66,3003.85
1564,501.491,2990.91
1565,503.576,3003.34
1566,505.784,3016.51
1567,503.915,3005.37
1568,506.161,3018.76
1569,508.363,3031.89
1570,506.301,3019.59
1571,508.304,3031.54
1572,510.198,3042.84
1573,507.753,3028.25
1574,509.376,3037.93
1575,510.852,3046.74
1576,507.926,3029.29
1577,509.004,3035.72
1578,509.843,3040.72
1579,506.218,3019.1
1580,506.515,3020.87
1581,506.577,3021.24
1582,502.334,2995.94
1583,502.133,2994.73
1584,501.977,2993.81
1585,497.964,2969.87
1586,498.299,2971.87
1587,499.08,2976.53
1588,496.409,2960.6
1589,498.31,2971.94
1590,500.824,2986.93
1591,499.879,2981.29
1592,503.461,3002.66
1593,507.451,3026.45
1594,507.533,3026.94
1595,511.89,3052.93
1596,516.207,3078.68
1597,515.957,3077.19
1598,519.671,3099.34
1599,522.888,3118.52
1600,521.024,3107.4
1601,522.957,3118.93
1602,524.219,3126.46
1603,520.345,3103.35
1604,520.364,3103.47
1605,519.893,3100.66
1606,514.64,3069.33
1607,513.481,3062.41
1608,512.131,3054.37
1609,506.45,3020.48
1610,504.978,3011.71
1611,503.581,3003.37
1612,498.291,2971.82
1613,497.328,2966.08
1614,496.742,2962.58
1615,492.686,2938.39
1616,493.074,2940.71
1617,493.998,2946.22
1618,491.524,2931.47
1619,493.329,2942.23
1620,495.414,2954.66
1621,493.701,2944.45
1622,495.872,2957.39
1623,497.879,2969.36
1624,495.636,2955.99
1625,496.999,2964.11
1626,498.002,2970.1
1627,494.726,2950.56
1628,495.191,2953.34
1629,495.578,2955.64
1630,492.097,2934.88
1631,492.663,2938.26
1632,493.433,2942.85
1633,490.557,2925.7
1634,491.794,2933.07
1635,493.305,2942.09
1636,491.232,2929.72
1637,493.329,2942.23
1638,495.727,2956.53
1639,494.454,2948.94
1640,497.291,2965.86
1641,500.229,2983.38
1642,499.126,2976.8
1643,501.896,2993.32
1644,504.423,3008.4
1645,502.511,2996.99
1646,504.293,3007.62
1647,505.663,3015.79
1648,502.509,2996.98
1649,503.103,3000.52
1650,503.408,3002.34
1651,499.434,2978.64
1652,499.394,2978.4
1653,499.32,2977.96
1654,495.305,2954.01
1655,495.386,2954.5
1656,495.656,2956.11
1657,492.248,2935.78
1658,493.012,2940.34
1659,494.049,2946.52
1660,491.435,2930.93
1661,492.873,2939.51
1662,494.401,2948.62
1663,492.014,2934.38
1664,493.394,2942.62
1665,494.577,2949.67
1666,491.61,2931.97
1667,492.268,2935.9
1668,492.712,2938.55
1669,489.169,2917.42
1670,489.462,2919.16
1671,489.886,2921.69
1672,486.769,2903.1
1673,487.815,2909.34
1674,489.31,2918.26
1675,487.478,2907.33
1676,489.879,2921.65
1677,492.663,2938.26
1678,491.851,2933.41
1679,495.053,2952.51
1680,498.292,2971.83
1681,497.456,2966.84
1682,500.4,2984.4
1683,503.072,3000.33
1684,501.329,2989.94
1685,503.283,3001.6
1686,504.879,3011.11
1687,502.034,2994.15
1688,502.999,2999.9
1689,503.743,3004.34
1690,500.245,2983.47
1691,500.706,2986.23
1692,501.114,2988.66
1693,497.483,2967
1694,497.882,2969.38
1695,498.317,2971.98
1696,494.819,2951.11
1697,495.299,2953.98
1698,495.775,2956.82
1699,492.296,2936.07
1700,492.663,2938.26
1701,492.969,2940.08
1702,489.371,2918.62
1703,489.629,2920.16
1704,489.966,2922.17
1705,486.647,2902.38
1706,487.324,2906.41
1707,488.229,2911.81
1708,485.568,2895.94
1709,486.814,2903.37
1710,488.13,2911.22
1711,485.66,2896.49
1712,486.869,2903.7
1713,487.961,2910.22
1714,485.156,2893.49
1715,485.986,2898.43
1716,486.727,2902.86
1717,483.675,2884.65
1718,484.333,2888.58
1719,485.014,2892.64
1720,482.038,2874.89
1721,482.829,2879.61
1722,483.713,2884.88
1723,481.011,2868.77
1724,482.071,2875.09
1725,483.212,2881.89
1726,480.739,2867.14
1727,481.961,2874.43
1728,483.199,2881.81
1729,480.755,2867.24
1730,481.952,2874.38
1731,483.126,2881.38
1732,480.606,2866.35
1733,481.728,2873.04
1734,482.848,2879.72
1735,480.309,2864.58
1736,481.436,2871.3
1737,482.581,2878.13
1738,480.075,2863.18
1739,481.21,2869.95
1740,482.321,2876.58
1741,479.725,2861.09
1742,480.685,2866.82
1743,481.529,2871.86
1744,478.587,2854.31
1745,479.091,2857.31
1746,479.402,2859.17
1747,475.929,2838.45
1748,475.862,2838.05
1749,475.669,2836.9
1750,471.905,2814.46
1751,471.672,2813.07
1752,471.561,2812.41
1753,468.227,2792.52
1754,468.598,2794.74
1755,469.301,2798.93
1756,466.954,2784.93
1757,468.309,2793.01
1758,469.934,2802.7
1759,468.335,2793.17
1760,470.227,2804.45
1761,472.119,2815.73
1762,470.467,2805.88
1763,472.102,2815.63
1764,473.548,2824.25
1765,471.312,2810.92
1766,472.362,2817.18
1767,473.279,2822.65
1768,470.65,2806.97
1769,471.482,2811.93
1770,472.387,2817.33
1771,469.968,2802.9
1772,471.161,2810.02
1773,472.543,2818.26
1774,470.64,2806.91
1775,472.336,2817.03
1776,474.149,2827.84
1777,472.541,2818.25
1778,474.455,2829.67
1779,476.385,2841.17
1780,474.763,2831.5
1781,476.632,2842.65
1782,478.436,2853.41
1783,476.549,2842.16
1784,478.073,2851.24
1785,479.4,2859.16
1786,476.904,2844.27
1787,477.761,2849.38
1788,478.405,2853.22
1789,475.299,2834.7
1790,475.627,2836.65
1791,475.887,2838.21
1792,472.613,2818.68
1793,472.879,2820.26
1794,473.206,2822.21
1795,470.133,2803.89
1796,470.576,2806.53
1797,471.053,2809.37
1798,468.104,2791.79
1799,468.538,2794.37
1800,468.918,2796.64
1801,465.857,2778.38
1802,466.117,2779.93
1803,466.357,2781.37
1804,463.281,2763.02
1805,463.575,2764.77
1806,463.945,2766.98
1807,461.121,2750.14
1808,461.655,2753.32
1809,462.262,2756.95
1810,459.671,2741.49
1811,460.352,2745.55
1812,461.052,2749.73
1813,458.536,2734.72
1814,459.247,2738.96
1815,459.981,2743.34
1816,457.545,2728.81
1817,458.355,2733.64
1818,459.231,2738.87
1819,456.984,2725.47
1820,457.984,2731.43
1821,459.041,2737.74
1822,456.954,2725.29
1823,458.079,2732
1824,459.239,2738.91
1825,457.239,2726.99
1826,458.459,2734.26
1827,459.718,2741.77
1828,457.806,2730.37
1829,459.107,2738.13
1830,460.42,2745.96
1831,458.517,2734.61
1832,459.818,2742.37
1833,461.125,2750.16
1834,459.223,2738.82
1835,460.587,2746.96
1836,462.032,2755.57
1837,460.332,2745.43
1838,461.999,2755.37
1839,463.801,2766.12
1840,462.43,2757.95
1841,464.412,2769.77
1842,466.411,2781.69
1843,465.012,2773.34
1844,466.809,2784.06
1845,468.414,2793.64
1846,466.402,2781.63
1847,467.489,2788.12
1848,468.302,2792.97
1849,465.473,2776.09
1850,465.743,2777.71
1851,465.783,2777.95
1852,462.317,2757.27
1853,462.027,2755.54
1854,461.691,2753.54
1855,458.172,2732.55
1856,458.033,2731.72
1857,458.161,2732.49
1858,455.482,2716.51
1859,456.393,2721.94
1860,457.78,2730.21
1861,456.475,2722.43
1862,458.768,2736.1
1863,461.434,2752
1864,461.119,2750.13
1865,464.175,2768.35
1866,467.218,2786.5
1867,466.714,2783.5
1868,469.211,2798.39
1869,471.222,2810.38
1870,469.211,2798.39
1871,470.001,2803.1
1872,470.204,2804.31
1873,466.513,2782.3
1874,465.882,2778.53
1875,465.108,2773.92
1876,461.093,2749.97
1877,460.613,2747.11
1878,460.526,2746.59
1879,457.708,2729.78
1880,458.601,2735.11
1881,459.972,2743.29
1882,458.526,2734.66
1883,460.561,2746.8
1884,462.762,2759.93
1885,461.736,2753.81
1886,463.907,2766.76
1887,465.939,2778.88
1888,464.432,2769.89
1889,465.992,2779.19
1890,467.278,2786.86
1891,464.928,2772.85
1892,465.648,2777.14
1893,466.122,2779.96
1894,463.058,2761.69
1895,463.137,2762.16
1896,463.091,2761.89
1897,459.701,2741.67
1898,459.525,2740.62
1899,459.355,2739.61
1900,456.037,2719.82
1901,455.969,2719.41
1902,455.993,2719.56
1903,452.999,2701.7
1904,453.223,2703.03
1905,453.551,2704.99
1906,450.904,2689.2
1907,451.426,2692.32
1908,452.065,2696.13
1909,449.786,2682.54
1910,450.685,2687.9
1911,451.727,2694.11
1912,449.846,2682.89
1913,451.072,2690.21
1914,452.319,2697.64
1915,450.466,2686.59
1916,451.556,2693.09
1917,452.511,2698.79
1918,450.259,2685.36
1919,450.908,2689.23
1920,451.434,2692.36
1921,448.824,2676.8
1922,449.155,2678.77
1923,449.422,2680.37
1924,446.637,2663.75
1925,446.768,2664.54
1926,446.824,2664.87
1927,443.848,2647.12
1928,443.691,2646.18
1929,443.418,2644.56
1930,440.166,2625.16
1931,439.687,2622.31
1932,439.162,2619.18
1933,435.859,2599.47
1934,435.388,2596.67
1935,435.031,2594.54
1936,432.125,2577.2
1937,432.091,2577
1938,432.245,2577.92
1939,429.93,2564.11
1940,430.417,2567.02
1941,431.05,2570.79
1942,429.185,2559.67
1943,430.06,2564.89
1944,431.054,2570.82
1945,429.537,2561.77
1946,430.748,2568.99
1947,432.058,2576.81
1948,430.794,2569.27
1949,432.221,2577.78
1950,433.674,2586.44
1951,432.438,2579.07
1952,433.841,2587.44
1953,435.182,2595.44
1954,433.713,2586.68
1955,434.809,2593.21
1956,435.728,2598.7
1957,433.713,2586.68
1958,434.168,2589.39
1959,434.384,2590.68
1960,431.697,2574.65
1961,431.543,2573.73
1962,431.336,2572.5
1963,428.569,2556
1964,428.614,2556.26
1965,428.967,2558.37
1966,427.127,2547.4
1967,428.29,2554.34
1968,429.871,2563.76
1969,429.195,2559.73
1970,431.367,2572.68
1971,433.665,2586.39
1972,433.267,2584.02
1973,435.411,2596.8
1974,437.324,2608.21
1975,436.178,2601.38
1976,437.448,2608.95
1977,438.4,2614.63
1978,436.3,2602.1
1979,436.749,2604.79
1980,437.061,2606.64
1981,434.561,2591.74
1982,434.794,2593.12
1983,435.072,2594.78
1984,432.724,2580.78
1985,433.174,2583.46
1986,433.741,2586.84
1987,431.748,2574.96
1988,432.544,2579.7
1989,433.447,2585.09
1990,431.755,2575
1991,432.778,2581.1
1992,433.814,2587.28
1993,432.142,2577.31
1994,433.097,2583
1995,434.002,2588.4
1996,432.186,2577.57
1997,433.047,2582.7
1998,433.954,2588.12
1999,432.261,2578.02
2000,433.356,2584.55
2001,434.569,2591.79
2002,433.182,2583.51
2003,434.553,2591.68
2004,435.962,2600.09
2005,434.656,2592.3
2006,436.071,2600.74
2007,437.499,2609.25
2008,436.191,2601.46
2009,437.669,2610.27
2010,439.188,2619.33
2011,437.933,2611.84
2012,439.445,2620.86
2013,440.899,2629.54
2014,439.42,2620.71
2015,440.619,2627.87
2016,441.672,2634.14
2017,439.746,2622.66
2018,440.543,2627.41
2019,441.269,2631.74
2020,439.125,2618.96
2021,439.782,2622.87
2022,440.423,2626.69
2023,438.221,2613.56
2024,438.773,2616.85
2025,439.252,2619.71
2026,436.848,2605.37
2027,437.119,2606.99
2028,437.29,2608.01
2029,434.629,2592.14
2030,434.653,2592.29
2031,434.662,2592.34
2032,432.002,2576.47
2033,432.096,2577.03
2034,432.298,2578.24
2035,429.992,2564.48
2036,430.498,2567.51
2037,431.205,2571.72
2038,429.501,2561.56
2039,430.657,2568.45
2040,432.063,2576.84
2041,431.071,2570.92
2042,432.965,2582.22
2043,435.087,2594.87
2044,434.682,2592.46
2045,437.115,2606.97
2046,439.619,2621.9
2047,439.301,2620.01
2048,441.684,2634.21
2049,443.896,2647.41
2050,442.979,2641.94
2051,444.66,2651.96
2052,446.04,2660.2
2053,444.191,2649.17
2054,444.978,2653.86
2055,445.519,2657.09
2056,442.941,2641.71
2057,443.111,2642.73
2058,443.179,2643.13
2059,440.338,2626.19
2060,440.374,2626.4
2061,440.502,2627.17
2062,437.978,2612.12
2063,438.487,2615.15
2064,439.276,2619.86
2065,437.581,2609.75
2066,438.975,2618.06
2067,440.642,2628
2068,439.686,2622.3
2069,441.652,2634.03
2070,443.621,2645.77
2071,442.594,2639.65
2072,444.229,2649.39
2073,445.573,2657.41
2074,443.649,2645.94
2075,444.259,2649.57
2076,444.499,2651
2077,441.506,2633.16
2078,441.111,2630.8
2079,440.502,2627.17
2080,436.958,2606.03
2081,436.171,2601.34
2082,435.427,2596.9
2083,432.089,2576.99
2084,431.62,2574.19
2085,431.355,2572.61
2086,428.682,2556.67
2087,428.848,2557.66
2088,429.219,2559.87
2089,427.177,2547.7
2090,427.861,2551.77
2091,428.657,2556.52
2092,426.952,2546.36
2093,427.87,2551.83
2094,428.822,2557.51
2095,427.216,2547.93
2096,428.212,2553.87
2097,429.25,2560.06
2098,427.757,2551.16
2099,428.931,2558.16
2100,430.21,2565.79
2101,428.987,2558.49
2102,430.469,2567.33
2103,432.026,2576.61
2104,430.96,2570.26
2105,432.503,2579.46
2106,433.956,2588.13
2107,432.571,2579.86
2108,433.668,2586.41
2109,434.544,2591.63
2110,432.488,2579.37
2111,432.888,2581.76
2112,433.075,2582.87
2113,430.412,2566.99
2114,430.252,2566.03
2115,429.98,2564.41
2116,427.045,2546.91
2117,426.692,2544.81
2118,426.388,2542.99
2119,423.666,2526.76
2120,423.64,2526.6
2121,423.851,2527.86
2122,421.869,2516.04
2123,422.683,2520.89
2124,423.832,2527.75
2125,422.806,2521.63
2126,424.512,2531.8
2127,426.394,2543.03
2128,425.812,2539.56
2129,427.733,2551.01
2130,429.541,2561.79
2131,428.564,2555.97
2132,429.96,2564.29
2133,431.129,2571.26
2134,429.452,2561.26
2135,430.206,2565.76
2136,430.802,2569.32
2137,428.652,2556.5
2138,429.018,2558.67
2139,429.319,2560.47
2140,427.001,2546.65
2141,427.271,2548.26
2142,427.592,2550.17
2143,425.448,2537.39
2144,425.983,2540.57
2145,426.684,2544.76
2146,425.036,2534.93
2147,426.123,2541.41
2148,427.419,2549.14
2149,426.35,2542.76
2150,427.991,2552.55
2151,429.746,2563.02
2152,428.934,2558.17
2153,430.669,2568.52
2154,432.263,2578.03
2155,430.962,2570.27
2156,431.983,2576.36
2157,432.623,2580.17
2158,430.195,2565.69
2159,430.01,2564.59
2160,429.467,2561.35
2161,426.06,2541.04
2162,425.066,2535.11
2163,424.032,2528.94
2164,420.612,2508.54
2165,419.877,2504.16
2166,419.455,2501.64
2167,417.024,2487.14
2168,417.387,2489.31
2169,418.159,2493.91
2170,416.933,2486.6
2171,418.381,2495.24
2172,420.067,2505.29
2173,419.486,2501.83
2174,421.358,2512.99
2175,423.188,2523.91
2176,422.409,2519.26
2177,423.88,2528.03
2178,425.078,2535.18
2179,423.45,2525.47
2180,423.991,2528.7
2181,424.22,2530.06
2182,421.699,2515.02
2183,421.474,2513.68
2184,421.174,2511.9
2185,418.488,2495.88
2186,418.366,2495.15
2187,418.478,2495.81
2188,416.498,2484.01
2189,417.174,2488.04
2190,418.111,2493.63
2191,416.875,2486.26
2192,418.119,2493.67
2193,419.402,2501.33
2194,418.257,2494.5
2195,419.414,2501.4
2196,420.461,2507.64
2197,418.975,2498.78
2198,419.794,2503.66
2199,420.539,2508.11
2200,418.829,2497.91
2201,419.528,2502.07
2202,420.269,2506.5
2203,418.685,2497.05
2204,419.636,2502.72
2205,420.771,2509.49
2206,419.709,2503.16
2207,421.331,2512.83
2208,423.247,2524.26
2209,422.975,2522.63
2210,425.419,2537.21
2211,428.041,2552.85
2212,428.148,2553.49
2213,430.754,2569.03
2214,433.164,2583.41
2215,432.581,2579.92
2216,434.253,2589.9
2217,435.458,2597.09
2218,433.451,2585.11
2219,433.651,2586.31
2220,433.379,2584.68
2221,430.013,2564.61
2222,428.941,2558.22
2223,427.585,2550.13
2224,423.491,2525.72
2225,421.854,2515.95
2226,420.249,2506.37
2227,416.398,2483.41
2228,415.218,2476.37
2229,414.425,2471.64
2230,411.82,2456.11
2231,412.031,2457.36
2232,412.792,2461.9
2233,411.81,2456.05
2234,413.538,2466.35
2235,415.632,2478.84
2236,415.661,2479.01
2237,418.162,2493.93
2238,420.727,2509.23
2239,420.834,2509.86
2240,423.246,2524.25
2241,425.477,2537.56
2242,424.942,2534.36
2243,426.637,2544.48
2244,428.053,2552.92
2245,426.652,2544.57
2246,427.622,2550.35
2247,428.469,2555.4
2248,426.664,2544.64
2249,427.366,2548.82
2250,428.003,2552.62
2251,425.998,2540.66
2252,426.468,2543.47
2253,426.879,2545.92
2254,424.731,2533.11
2255,425.159,2535.66
2256,425.703,2538.9
2257,423.906,2528.19
2258,424.848,2533.81
2259,426.043,2540.93
2260,424.942,2534.37
2261,426.541,2543.91
2262,428.239,2554.03
2263,427.357,2548.77
2264,428.94,2558.21
2265,430.355,2566.65
2266,428.947,2558.25
2267,429.941,2564.18
2268,430.777,2569.17
2269,428.899,2557.97
2270,429.619,2562.26
2271,430.399,2566.91
2272,428.676,2556.64
2273,429.696,2562.72
2274,430.85,2569.6
2275,429.478,2561.42
2276,430.765,2569.1
2277,432.032,2576.65
2278,430.559,2567.86
2279,431.568,2573.88
2280,432.371,2578.67
2281,430.278,2566.19
2282,430.57,2567.93
2283,430.611,2568.18
2284,427.814,2551.49
2285,427.443,2549.28
2286,426.956,2546.38
2287,423.88,2528.03
2288,423.352,2524.88
2289,422.896,2522.17
2290,420.092,2505.44
2291,419.861,2504.06
2292,419.745,2503.37
2293,417.32,2488.91
2294,417.331,2488.97
2295,417.35,2489.09
2296,414.992,2475.03
2297,414.928,2474.64
2298,414.809,2473.93
2299,412.343,2459.22
2300,412.128,2457.94
2301,411.887,2456.51
2302,409.386,2441.59
2303,409.09,2439.83
2304,408.753,2437.81
2305,406.176,2422.45
2306,405.685,2419.52
2307,405.096,2416.01
2308,402.308,2399.38
2309,401.533,2394.75
2310,400.711,2389.85
2311,397.878,2372.96
2312,397.12,2368.43
2313,396.499,2364.73
2314,394.159,2350.78
2315,394.021,2349.95
2316,394.215,2351.11
2317,392.883,2343.16
2318,393.8,2348.64
2319,395.06,2356.15
2320,394.689,2353.94
2321,396.411,2364.21
2322,398.214,2374.96
2323,398.005,2373.71
2324,399.615,2383.32
2325,400.996,2391.55
2326,400.064,2385.99
2327,400.852,2390.7
2328,401.369,2393.78
2329,399.641,2383.47
2330,399.812,2384.49
2331,399.957,2385.36
2332,398.174,2374.72
2333,398.539,2376.9
2334,399.114,2380.33
2335,397.925,2373.24
2336,398.928,2379.22
2337,400.105,2386.24
2338,399.392,2381.99
2339,400.752,2390.1
2340,402.146,2398.41
2341,401.498,2394.55
2342,402.894,2402.87
2343,404.297,2411.24
2344,403.618,2407.19
2345,405.042,2415.68
2346,406.481,2424.26
2347,405.776,2420.06
2348,407.161,2428.32
2349,408.461,2436.07
2350,407.444,2430.01
2351,408.408,2435.76
2352,409.153,2440.2
2353,407.485,2430.25
2354,407.792,2432.09
2355,407.942,2432.98
2356,405.829,2420.38
2357,405.832,2420.4
2358,405.849,2420.5
2359,403.795,2408.25
2360,403.919,2408.99
2361,404.111,2410.13
2362,402.271,2399.16
2363,402.549,2400.81
2364,402.848,2402.6
2365,401.091,2392.12
2366,401.382,2393.85
2367,401.66,2395.51
2368,399.882,2384.91
2369,400.111,2386.27
2370,400.313,2387.48
2371,398.472,2376.5
2372,398.591,2377.21
2373,398.66,2377.62
2374,396.692,2365.88
2375,396.619,2365.45
2376,396.464,2364.52
2377,394.285,2351.53
2378,393.931,2349.42
2379,393.478,2346.72
2380,391.065,2332.32
2381,390.447,2328.64
2382,389.797,2324.76
2383,387.37,2310.29
2384,386.809,2306.94
2385,386.386,2304.42
2386,384.426,2292.73
2387,384.426,2292.73
2388,384.689,2294.3
2389,383.524,2287.35
2390,384.308,2292.03
2391,385.323,2298.08
2392,384.81,2295.02
2393,386.137,2302.93
2394,387.54,2311.3
2395,387.201,2309.28
2396,388.578,2317.49
2397,389.883,2325.28
2398,389.284,2321.7
2399,390.371,2328.19
2400,391.351,2334.03
2401,390.398,2328.35
2402,391.182,2333.02
2403,391.892,2337.26
2404,390.698,2330.13
2405,391.293,2333.69
2406,391.863,2337.08
2407,390.588,2329.48
2408,391.172,2332.96
2409,391.805,2336.74
2410,390.664,2329.93
2411,391.433,2334.52
2412,392.276,2339.54
2413,391.326,2333.88
2414,392.26,2339.45
2415,393.213,2345.13
2416,392.295,2339.66
2417,393.221,2345.18
2418,394.113,2350.5
2419,393.064,2344.25
2420,393.822,2348.76
2421,394.485,2352.72
2422,393.14,2344.7
2423,393.556,2347.18
2424,393.843,2348.89
2425,392.129,2338.67
2426,392.182,2338.99
2427,392.157,2338.83
2428,390.237,2327.39
2429,390.141,2326.81
2430,390.065,2326.36
2431,388.234,2315.44
2432,388.277,2315.7
2433,388.417,2316.53
2434,386.893,2307.44
2435,387.241,2309.52
2436,387.69,2312.19
2437,386.466,2304.89
2438,387.064,2308.46
2439,387.722,2312.39
2440,386.675,2306.14
2441,387.434,2310.67
2442,388.254,2315.56
2443,387.37,2310.29
2444,388.324,2315.98
2445,389.36,2322.15
2446,388.686,2318.13
2447,389.884,2325.28
2448,391.17,2332.95
2449,390.707,2330.19
2450,392.147,2338.78
2451,393.66,2347.8
2452,393.345,2345.92
2453,394.929,2355.37
2454,396.502,2364.75
2455,396.071,2362.18
2456,397.449,2370.4
2457,398.65,2377.56
2458,397.645,2371.57
2459,398.354,2375.8
2460,398.796,2378.43
2461,397.002,2367.73
2462,396.955,2367.45
2463,396.731,2366.12
2464,394.451,2352.52
2465,394.036,2350.04
2466,393.61,2347.5
2467,391.344,2333.98
2468,391.007,2331.98
2469,390.758,2330.49
2470,388.793,2318.78
2471,388.75,2318.52
2472,388.824,2318.96
2473,387.237,2309.5
2474,387.54,2311.3
2475,387.953,2313.76
2476,386.696,2306.27
2477,387.267,2309.67
2478,387.884,2313.35
2479,386.752,2306.6
2480,387.359,2310.22
2481,387.924,2313.59
2482,386.667,2306.09
2483,387.102,2308.69
2484,387.481,2310.95
2485,386.064,2302.5
2486,386.375,2304.35
2487,386.695,2306.26
2488,385.311,2298.01
2489,385.72,2300.45
2490,386.214,2303.39
2491,385.077,2296.61
2492,385.768,2300.73
2493,386.562,2305.47
2494,385.704,2300.35
2495,386.64,2305.93
2496,387.615,2311.75
2497,386.843,2307.14
2498,387.817,2312.95
2499,388.775,2318.67
2500,387.932,2313.64
2501,388.842,2319.07
2502,389.731,2324.37
2503,388.788,2318.75
2504,389.588,2323.52
2505,390.309,2327.82
2506,389.102,2320.62
2507,389.543,2323.24
2508,389.796,2324.75
2509,388.042,2314.3
2510,387.871,2313.28
2511,387.508,2311.11
2512,385.231,2297.53
2513,384.577,2293.63
2514,383.847,2289.28
2515,381.413,2274.76
2516,380.669,2270.32
2517,379.994,2266.3
2518,377.84,2253.45
2519,377.452,2251.13
2520,377.285,2250.14
2521,375.831,2241.47
2522,376.203,2243.69
2523,376.864,2247.63
2524,376.252,2243.98
2525,377.411,2250.89
2526,378.757,2258.92
2527,378.647,2258.26
2528,380.179,2267.4
2529,381.72,2276.59
2530,381.565,2275.67
2531,382.937,2283.85
2532,384.153,2291.1
2533,383.485,2287.12
2534,384.284,2291.88
2535,384.869,2295.37
2536,383.561,2287.57
2537,383.797,2288.98
2538,383.938,2289.82
2539,382.356,2280.38
2540,382.457,2280.98
2541,382.602,2281.85
2542,381.156,2273.22
2543,381.425,2274.83
2544,381.752,2276.78
2545,380.48,2269.2
2546,380.859,2271.45
2547,381.234,2273.69
2548,379.96,2266.09
2549,380.271,2267.95
2550,380.538,2269.54
2551,379.14,2261.2
2552,379.297,2262.14
2553,379.404,2262.78
2554,377.874,2253.65
2555,377.893,2253.76
2556,377.89,2253.75
2557,376.325,2244.41
2558,376.333,2244.46
2559,376.388,2244.79
2560,374.982,2236.4
2561,375.194,2237.67
2562,375.517,2239.59
2563,374.444,2233.2
2564,374.997,2236.49
2565,375.657,2240.43
2566,374.883,2235.81
2567,375.675,2240.54
2568,376.486,2245.37
2569,375.74,2240.93
2570,376.462,2245.23
2571,377.086,2248.95
2572,376.034,2242.68
2573,376.366,2244.66
2574,376.525,2245.61
2575,374.967,2236.31
2576,374.748,2235.01
2577,374.347,2232.61
2578,372.296,2220.39
2579,371.604,2216.26
2580,370.846,2211.74
2581,368.682,2198.83
2582,368.03,2194.94
2583,367.568,2192.19
2584,366.021,2182.96
2585,366.136,2183.65
2586,366.58,2186.3
2587,365.99,2182.77
2588,366.974,2188.64
2589,368.128,2195.53
2590,368.005,2194.79
2591,369.264,2202.3
2592,370.49,2209.61
2593,370.232,2208.07
2594,371.303,2214.46
2595,372.299,2220.4
2596,371.788,2217.36
2597,372.703,2222.81
2598,373.642,2228.41
2599,373.174,2225.62
2600,374.294,2232.3
2601,375.561,2239.86
2602,375.461,2239.26
2603,376.994,2248.4
2604,378.576,2257.84
2605,378.515,2257.47
2606,379.828,2265.3
2607,380.808,2271.15
2608,379.727,2264.7
2609,379.756,2264.88
2610,379.279,2262.03
2611,376.761,2247.02
2612,375.469,2239.31
2613,373.96,2230.31
2614,370.912,2212.13
2615,369.437,2203.33
2616,368.217,2196.05
2617,366.022,2182.97
2618,365.689,2180.98
2619,365.937,2182.46
2620,365.485,2179.76
2621,366.975,2188.65
2622,369.043,2200.98
2623,370.198,2207.87
2624,373.076,2225.04
2625,376.125,2243.22
2626,377.623,2252.16
2627,380.457,2269.06
2628,382.944,2283.89
2629,383.288,2285.94
2630,384.735,2294.57
2631,385.58,2299.61
2632,384.104,2290.81
2633,383.769,2288.81
2634,382.941,2283.87
2635,380.07,2266.75
2636,378.586,2257.9
2637,376.966,2248.24
2638,373.795,2229.33
2639,372.241,2220.06
2640,370.845,2211.73
2641,368.237,2196.18
2642,367.261,2190.35
2643,366.503,2185.83
2644,364.621,2174.61
2645,364.26,2172.46
2646,364.092,2171.45
2647,362.843,2164.01
2648,363.104,2165.56
2649,363.631,2168.71
2650,363.181,2166.02
2651,364.322,2172.83
2652,365.778,2181.51
2653,366.186,2183.94
2654,368.119,2195.47
2655,370.172,2207.72
2656,370.835,2211.67
2657,372.834,2223.59
2658,374.69,2234.66
2659,374.846,2235.59
2660,376.267,2244.07
2661,377.445,2251.09
2662,376.821,2247.37
2663,377.505,2251.45
2664,377.962,2254.17
2665,376.645,2246.32
2666,376.701,2246.66
2667,376.612,2246.13
2668,374.892,2235.87
2669,374.662,2234.49
2670,374.457,2233.27
2671,372.853,2223.71
2672,372.886,2223.9
2673,373.117,2225.28
2674,372.108,2219.26
2675,372.791,2223.34
2676,373.692,2228.71
2677,373.295,2226.34
2678,374.502,2233.54
2679,375.78,2241.16
2680,375.539,2239.73
2681,376.751,2246.96
2682,377.84,2253.45
2683,377.192,2249.59
2684,377.893,2253.76
2685,378.373,2256.63
2686,377.07,2248.86
2687,377.151,2249.34
2688,377.097,2249.02
2689,375.418,2239
2690,375.25,2238
2691,375.101,2237.12
2692,373.501,2227.57
2693,373.471,2227.39
2694,373.519,2227.68
2695,372.174,2219.66
2696,372.376,2220.86
2697,372.659,2222.55
2698,371.568,2216.04
2699,372.016,2218.71
2700,372.552,2221.91
2701,371.715,2216.92
2702,372.391,2220.95
2703,373.104,2225.2
2704,372.345,2220.68
2705,372.995,2224.55
2706,373.545,2227.83
2707,372.476,2221.46
2708,372.702,2222.8
2709,372.739,2223.03
2710,371.139,2213.48
2711,370.837,2211.69
2712,370.43,2209.26
2713,368.569,2198.16
2714,368.136,2195.58
2715,367.8,2193.57
2716,366.267,2184.43
2717,366.303,2184.64
2718,366.592,2186.37
2719,365.811,2181.71
2720,366.611,2186.48
2721,367.622,2192.51
2722,367.416,2191.28
2723,368.616,2198.44
2724,369.776,2205.35
2725,369.398,2203.1
2726,370.2,2207.89
2727,370.73,2211.04
2728,369.538,2203.93
2729,369.45,2203.41
2730,369.074,2201.17
2731,367.065,2189.19
2732,366.229,2184.2
2733,365.245,2178.33
2734,362.863,2164.13
2735,361.743,2157.45
2736,360.635,2150.84
2737,358.371,2137.34
2738,357.405,2131.57
2739,356.553,2126.49
2740,354.697,2115.42
2741,354.099,2111.86
2742,353.627,2109.04
2743,352.195,2100.5
2744,351.935,2098.95
2745,351.767,2097.95
2746,350.647,2091.27
2747,350.649,2091.28
2748,350.753,2091.9
2749,349.959,2087.17
2750,350.324,2089.34
2751,350.855,2092.51
2752,350.551,2090.7
2753,351.455,2096.09
2754,352.548,2102.61
2755,352.755,2103.84
2756,354.151,2112.17
2757,355.644,2121.07
2758,356.064,2123.58
2759,357.592,2132.69
2760,359.068,2141.49
2761,359.27,2142.69
2762,360.545,2150.3
2763,361.708,2157.24
2764,361.531,2156.18
2765,362.513,2162.04
2766,363.455,2167.66
2767,363.119,2165.66
2768,364.08,2171.38
2769,365.087,2177.39
2770,364.828,2175.84
2771,365.881,2182.13
2772,366.891,2188.15
2773,366.437,2185.44
2774,367.118,2189.5
2775,367.522,2191.91
2776,366.239,2184.26
2777,365.935,2182.45
2778,365.262,2178.43
2779,362.938,2164.57
2780,361.619,2156.71
2781,360.078,2147.51
2782,357.207,2130.39
2783,355.508,2120.26
2784,353.902,2110.68
2785,351.434,2095.96
2786,350.367,2089.6
2787,349.729,2085.79
2788,348.593,2079.02
2789,348.981,2081.34
2790,349.888,2086.74
2791,350.246,2088.88
2792,351.954,2099.06
2793,353.875,2110.52
2794,354.774,2115.88
2795,356.669,2127.18
2796,358.36,2137.27
2797,358.592,2138.66
2798,359.675,2145.11
2799,360.457,2149.78
2800,359.787,2145.78
2801,360.175,2148.09
2802,360.517,2150.13
2803,359.697,2145.25
2804,360.223,2148.38
2805,360.944,2152.68
2806,360.669,2151.04
2807,361.845,2158.05
2808,363.239,2166.37
2809,363.545,2168.19
2810,365.253,2178.38
2811,367.044,2189.06
2812,367.507,2191.83
2813,369.274,2202.36
2814,370.943,2212.32
2815,371.031,2212.84
2816,372.331,2220.59
2817,373.378,2226.84
2818,372.661,2222.56
2819,373.091,2225.13
2820,373.191,2225.72
2821,371.504,2215.66
2822,370.985,2212.56
2823,370.228,2208.05
2824,367.903,2194.19
2825,366.901,2188.21
2826,365.914,2182.32
2827,363.707,2169.16
2828,362.978,2164.81
2829,362.457,2161.7
2830,360.914,2152.5
2831,360.843,2152.08
2832,360.98,2152.9
2833,360.076,2147.5
2834,360.54,2150.27
2835,361.127,2153.77
2836,360.58,2150.51
2837,361.324,2154.94
2838,362.111,2159.64
2839,361.671,2157.02
2840,362.464,2161.74
2841,363.225,2166.28
2842,362.663,2162.93
2843,363.295,2166.7
2844,363.854,2170.04
2845,363.066,2165.34
2846,363.508,2167.97
2847,363.944,2170.57
2848,363.14,2165.78
2849,363.714,2169.2
2850,364.449,2173.59
2851,364.102,2171.52
2852,365.294,2178.62
2853,366.756,2187.34
2854,367.145,2189.66
2855,369.119,2201.44
2856,371.305,2214.47
2857,372.208,2219.86
2858,374.62,2234.25
2859,377.029,2248.61
2860,377.788,2253.14
2861,379.899,2265.73
2862,381.736,2276.69
2863,381.587,2275.8
2864,382.687,2282.35
2865,383.387,2286.53
2866,382.034,2278.46
2867,382.007,2278.3
2868,381.712,2276.54
2869,379.594,2263.91
2870,379.002,2260.38
2871,378.387,2256.71
2872,376.247,2243.95
2873,375.759,2241.04
2874,375.387,2238.82
2875,373.626,2228.32
2876,373.479,2227.44
2877,373.423,2227.11
2878,371.962,2218.39
2879,372.011,2218.68
2880,372.091,2219.16
2881,370.755,2211.2
2882,370.894,2212.02
2883,371.082,2213.15
2884,369.908,2206.14
2885,370.223,2208.02
2886,370.61,2210.33
2887,369.636,2204.52
2888,370.105,2207.32
2889,370.57,2210.09
2890,369.574,2204.15
2891,369.895,2206.06
2892,370.081,2207.17
2893,368.688,2198.87
2894,368.489,2197.68
2895,368.065,2195.15
2896,366.046,2183.11
2897,365.155,2177.8
2898,364.059,2171.26
2899,361.516,2156.09
2900,360.138,2147.87
2901,358.718,2139.41
2902,356.165,2124.18
2903,354.898,2116.62
2904,353.821,2110.2
2905,351.91,2098.8
2906,351.347,2095.44
2907,351.069,2093.79
2908,350.045,2087.68
2909,350.299,2089.19
2910,350.792,2092.13
2911,350.487,2090.31
2912,351.406,2095.79
2913,352.528,2102.49
2914,352.789,2104.05
2915,354.284,2112.96
2916,355.938,2122.82
2917,356.586,2126.69
2918,358.42,2137.63
2919,360.253,2148.56
2920,360.795,2151.79
2921,362.383,2161.26
2922,363.739,2169.35
2923,363.524,2168.07
2924,364.256,2172.43
2925,364.653,2174.8
2926,363.439,2167.56
2927,363.247,2166.42
2928,362.854,2164.07
2929,361.08,2153.49
2930,360.521,2150.16
2931,360.002,2147.06
2932,358.389,2137.44
2933,358.128,2135.89
2934,358.057,2135.46
2935,357.025,2129.31
2936,357.354,2131.27
2937,357.872,2134.36
2938,357.393,2131.5
2939,358.205,2136.35
2940,359.119,2141.8
2941,358.912,2140.56
2942,359.922,2146.59
2943,360.937,2152.64
2944,360.708,2151.28
2945,361.661,2156.95
2946,362.567,2162.36
2947,362.171,2160
2948,362.988,2164.87
2949,363.782,2169.61
2950,363.286,2166.65
2951,364.067,2171.31
2952,364.851,2175.98
2953,364.322,2172.83
2954,365.049,2177.16
2955,365.698,2181.03
2956,364.904,2176.3
2957,365.256,2178.4
2958,365.408,2179.3
2959,364.027,2171.07
2960,363.724,2169.26
2961,363.2,2166.14
2962,361.213,2154.29
2963,360.319,2148.95
2964,359.301,2142.88
2965,357.026,2129.31
2966,355.926,2122.75
2967,354.893,2116.59
2968,352.914,2104.79
2969,352.268,2100.94
2970,351.947,2099.02
2971,350.98,2093.26
2972,351.49,2096.3
2973,352.452,2102.04
2974,352.785,2104.02
2975,354.528,2114.41
2976,356.541,2126.42
2977,357.574,2132.58
2978,359.785,2145.77
2979,361.931,2158.57
2980,362.668,2162.96
2981,364.405,2173.32
2982,365.84,2181.88
2983,365.61,2180.51
2984,366.336,2184.84
2985,366.704,2187.04
2986,365.407,2179.3
2987,365.163,2177.84
2988,364.714,2175.17
2989,362.851,2164.05
2990,362.245,2160.44
2991,361.689,2157.12
2992,360.01,2147.11
2993,359.715,2145.35
2994,359.591,2144.61
2995,358.436,2137.72
2996,358.611,2138.77
2997,358.896,2140.47
2998,358.075,2135.57
2999,358.47,2137.93
